<!DOCTYPE QGLVIEWER>
<QGLViewer version="2.7.1">
  <State stereo="false">
    <foregroundColor red="180" blue="180" green="180"/>
    <backgroundColor red="51" blue="51" green="51"/>
  </State>
  <Display axisIsDrawn="true" gridIsDrawn="false" cameraIsEdited="false" FPSIsDisplayed="false"/>
  <Geometry height="765" fullScreen="false" width="1297" posX="135" posY="23"/>
  <Camera>
    <Parameters orthoCoef="1.67514e-85" zClippingCoefficient="1.73205" Type="PERSPECTIVE" fieldOfView="0.785398" zNearCoefficient="0.005" sceneRadius="20.7846">
      <SceneCenter x="0" y="0" z="10"/>
    </Parameters>
    <Stereo physScreenWidth="0.5" focusDistance="50.1785" IODist="0.062"/>
    <ManipulatedCameraFrame>
      <position x="32.8976" y="-0.637259" z="0.628152"/>
      <orientation q1="-0.649332" q3="-0.52886" q0="-0.431154" q2="-0.335828"/>
      <ManipulatedParameters zoomSens="1" rotSens="1" transSens="1" wheelSens="1" spinSens="0.3"/>
      <ManipulatedCameraParameters zoomsOnPivotPoint="false" rotatesAroundUpVector="false" flySpeed="0.207846">
        <sceneUpVector x="0" y="1" z="0"/>
      </ManipulatedCameraParameters>
    </ManipulatedCameraFrame>
  </Camera>
</QGLViewer>