<!DOCTYPE QGLVIEWER>
<QGLViewer version="2.7.1">
  <State stereo="false">
    <foregroundColor red="180" blue="180" green="180"/>
    <backgroundColor red="51" blue="51" green="51"/>
  </State>
  <Display gridIsDrawn="false" cameraIsEdited="true" axisIsDrawn="true" FPSIsDisplayed="false"/>
  <Geometry width="1918" fullScreen="false" posX="0" posY="0" height="1053"/>
  <Camera>
    <Parameters orthoCoef="1.4113e-12" zClippingCoefficient="1.73205" fieldOfView="0.785398" zNearCoefficient="0.005" Type="PERSPECTIVE" sceneRadius="20.7846">
      <SceneCenter y="0" x="0" z="10"/>
    </Parameters>
    <Stereo physScreenWidth="0.5" focusDistance="50.1785" IODist="0.062"/>
    <ManipulatedCameraFrame>
      <position y="-7.9466" x="12.934" z="1.85642"/>
      <orientation q3="0.6095" q1="0.375808" q2="0.341087" q0="0.609046"/>
      <ManipulatedParameters rotSens="1" transSens="1" wheelSens="1" zoomSens="1" spinSens="0.3"/>
      <ManipulatedCameraParameters rotatesAroundUpVector="false" flySpeed="0.207846" zoomsOnPivotPoint="false">
        <sceneUpVector y="-0.137318" x="-0.0491542" z="0.989307"/>
      </ManipulatedCameraParameters>
    </ManipulatedCameraFrame>
  </Camera>
</QGLViewer>
